product_name,price,review
Smart Fitness Tracker,105.78,Poor design and terrible build quality.
Portable Phone Charger,79.63,Great craftsmanship! Very impressive product.
Car Phone Mount,42.27,Worst purchase ever! Do not recommend.
Tablet Stand,46.12,Adequate product. Nothing to write home about.
Bluetooth Speaker,134.61,Poor design and terrible build quality.
HDMI Cable,29.76,Not durable at all. Broke very easily.
Wireless Mouse,86.58,Brilliant! Exactly what I was looking for.
Wireless Charging Pad,53.01,Superb quality! Very impressed with this purchase.
USB Flash Drive,12.99,Incredible! Best in its category by far.
Desk Lamp,65.62,Wonderful product! Very happy with my choice.
Bluetooth Speaker,117.76,Defective and poorly made. Save your money!
Portable Phone Charger,61.23,Very unhappy with this. Product is faulty.
HDMI Cable,30.84,Inferior product. Many issues right out of the box.
Wireless Mouse,60.39,Very frustrated with this purchase. Defective item.
USB-C Hub,46.42,Great value! Quality is much better than expected.
Power Bank,73.67,Poor design and terrible build quality.
Laptop Stand,38.69,Unacceptable quality. Stopped working quickly.
Screen Protector,28.73,It performs okay. Middle of the road quality.
Laptop Stand,35.62,Top-notch quality! Highly recommend this item.
Wireless Earbuds,98.34,Love it! Best purchase I've made this year.
4K Webcam,195.8,Cheaply made and unreliable. Major regret buying this.
HDMI Cable,38.66,Poorly constructed. Multiple problems from day one.
Wireless Charging Pad,48.8,Not worth the price at all. Total disappointment.
External Hard Drive,132.64,Perfect! Does everything I need and more.
Noise Cancelling Earbuds,349.23,Superb performance! Very pleased with this.
Portable Phone Charger,48.19,Impressive! High quality and works flawlessly.
Laptop Backpack,49.4,Top-notch quality! Highly recommend this item.
Desk Lamp,59.72,Very disappointing quality. Not as advertised.
Tablet Stand,47.49,Acceptable quality. Not amazing but not terrible either.
Wireless Charging Pad,36.15,Very disappointing quality. Not as advertised.
Wireless Keyboard,105.11,Love the design and functionality! Perfect choice.
Laptop Stand,58.92,Exceptional product! Would definitely buy again.
Power Bank,74.16,Disappointing purchase. Wouldn't recommend to anyone.
Smart Fitness Tracker,114.59,Works as advertised. Pretty standard stuff.
Laptop Stand,91.65,The product works as expected. Nothing special.
Gaming Headset,175.68,Superb quality! Very impressed with this purchase.
Bluetooth Speaker,100.58,Extremely disappointed. Nothing works properly.
4K Webcam,199.14,Defective and poorly made. Save your money!
Wireless Mouse,67.09,Wonderful experience! Very satisfied customer.
Bluetooth Speaker,95.97,Superb performance! Very pleased with this.
External Hard Drive,94.11,Very disappointing quality. Not as advertised.
Gaming Mechanical Keyboard,236.71,It works fine. No major complaints or praises.
Portable Phone Charger,36.56,Inferior product. Many issues right out of the box.
Smart Watch,476.98,The product works as expected. Nothing special.
Bluetooth Speaker,119.86,Cheaply made and unreliable. Major regret buying this.
Laptop Backpack,84.06,Love the design and functionality! Perfect choice.
External Hard Drive,108.31,Not functional at all. Complete letdown.
Screen Protector,18.01,Brilliant! Exactly what I was looking for.
Desk Lamp,44.32,Great craftsmanship! Very impressive product.
Car Phone Mount,16.95,Unacceptable quality. Stopped working quickly.
Screen Protector,16.48,Very unhappy with this. Product is faulty.
USB-C Hub,84.57,Excellent build quality! Very well made.
HDMI Cable,21.95,Incredible! Best in its category by far.
Wireless Mouse,59.18,It works fine. No major complaints or praises.
Car Phone Mount,54.18,Extremely disappointed. Nothing works properly.
External Hard Drive,169.4,Outstanding! Couldn't be happier with this.
Desk Lamp,53.84,Impressive! High quality and works flawlessly.
Laptop Backpack,117.33,Impressive! High quality and works flawlessly.
Gaming Headset,196.55,Not functional at all. Complete letdown.
Smart Fitness Tracker,184.96,Brilliant product! Exceeds all expectations.
Bluetooth Speaker,149.71,Inferior product. Many issues right out of the box.
Wireless Mouse,74.41,Awful product. Stopped working within days.
Laptop Stand,41.64,Excellent product! Highly recommend to everyone.
Smart Fitness Tracker,135.13,Exceptional product! Would definitely buy again.
Phone Case,27.22,Top-notch quality! Highly recommend this item.
HDMI Cable,31.4,Superb quality! Very impressed with this purchase.
Portable Phone Charger,56.56,Brilliant product! Exceeds all expectations.
4K Webcam,144.73,Worst purchase ever! Do not recommend.
Laptop Stand,74.64,The product works as expected. Nothing special.
Laptop Stand,93.07,Not worth the price at all. Total disappointment.
Portable Phone Charger,46.49,Amazing features! Works beautifully every time.
Bluetooth Speaker,110.27,Perfect! Does everything I need and more.
Laptop Stand,89.16,Awesome! Extremely satisfied with this purchase.
External Hard Drive,74.92,Exceptional product! Would definitely buy again.
HDMI Cable,20.98,Terrible quality! Broke after just one week of use.
Laptop Backpack,75.61,Brilliant product! Exceeds all expectations.
Tablet Stand,57.22,Outstanding! Couldn't be happier with this.
Wireless Earbuds,124.5,Poor design and terrible build quality.
Tablet Stand,59.93,Absolutely terrible. Customer service is also bad.
4K Webcam,160.02,Poorly constructed. Multiple problems from day one.
Tablet Stand,56.04,Very poor quality. Feels cheap and breaks easily.
Gaming Headset,78.45,Complete waste of money. Don't buy this!
Bluetooth Speaker,126.74,Exceptional product! Would definitely buy again.
Wireless Earbuds,69.7,Completely unreliable. Failed multiple times already.
Wireless Earbuds,112.32,Love the design and functionality! Perfect choice.
Phone Case,31.22,Not worth the price at all. Total disappointment.
Wireless Charging Pad,65.69,Poor design and terrible build quality.
Wireless Earbuds,180.55,Defective and poorly made. Save your money!
Portable Phone Charger,28.44,Poorly constructed. Multiple problems from day one.
Wireless Earbuds,151.15,Love the design and functionality! Perfect choice.
Phone Case,13.6,Perfect! Does everything I need and more.
USB Flash Drive,14.93,Perfect quality! Everything I hoped for and more.
Laptop Backpack,63.58,Phenomenal quality! Definitely worth the investment.
Phone Case,14.32,Excellent product! Highly recommend to everyone.
Power Bank,82.47,Terrible performance. Doesn't meet basic standards.
4K Webcam,161.23,Defective and poorly made. Save your money!
Desk Lamp,48.12,Fantastic product! Works perfectly and looks great.
Smart Fitness Tracker,240.85,Superb performance! Very pleased with this.
Wireless Mouse,31.31,Very poor quality. Feels cheap and breaks easily.
Screen Protector,17.97,Not durable at all. Broke very easily.
